year,sex,age,suicides_no,population,suicides/100k_pop,country-year,HDI_for_year,gdp_for_year,gdp_per_capita,generation
1985,0,5,21.0,123400,17.02,Colombia1985,0.573,34.894,1393,0
1985,0,4,113.0,1015200,11.13,Colombia1985,0.573,34.894,1393,0
1985,0,2,193.0,2323700,8.31,Colombia1985,0.573,34.894,1393,2
1985,0,1,256.0,3190200,8.02,Colombia1985,0.573,34.894,1393,3
1985,0,3,188.0,2451100,7.67,Colombia1985,0.573,34.894,1393,1
1985,1,1,117.0,3140700,3.73,Colombia1985,0.573,34.894,1393,3
1985,1,2,45.0,2276100,1.98,Colombia1985,0.573,34.894,1393,2
1985,1,5,3.0,174000,1.72,Colombia1985,0.573,34.894,1393,0
1985,1,3,31.0,2403500,1.29,Colombia1985,0.573,34.894,1393,1
1985,1,4,12.0,1150600,1.04,Colombia1985,0.573,34.894,1393,0
1985,0,0,12.0,3443900,0.35,Colombia1985,0.573,34.894,1393,3
1985,1,0,10.0,3360000,0.3,Colombia1985,0.573,34.894,1393,3
1986,0,5,13.0,126000,10.32,Colombia1986,0.67,34.942,1366,0
1986,0,1,260.0,3258100,7.98,Colombia1986,0.67,34.942,1366,3
1986,0,2,189.0,2373200,7.96,Colombia1986,0.67,34.942,1366,2
1986,0,4,81.0,1036800,7.81,Colombia1986,0.67,34.942,1366,0
1986,0,3,187.0,2503200,7.47,Colombia1986,0.67,34.942,1366,1
1986,1,1,121.0,3207600,3.77,Colombia1986,0.67,34.942,1366,3
1986,1,2,48.0,2324500,2.06,Colombia1986,0.67,34.942,1366,2
1986,1,4,13.0,1175000,1.11,Colombia1986,0.67,34.942,1366,0
1986,1,3,26.0,2454600,1.06,Colombia1986,0.67,34.942,1366,1
1986,1,0,10.0,3431600,0.29,Colombia1986,0.67,34.942,1366,3
1986,0,0,10.0,3517300,0.28,Colombia1986,0.67,34.942,1366,3
1986,1,5,142.688,177700,0.0,Colombia1986,0.67,34.942,1366,0
1987,0,1,301.0,3533143,8.52,Colombia1987,0.67,36.373,1299,3
1987,0,4,86.0,1044703,8.23,Colombia1987,0.67,36.373,1299,0
1987,0,5,14.0,183612,7.62,Colombia1987,0.67,36.373,1299,0
1987,0,2,192.0,2615813,7.34,Colombia1987,0.67,36.373,1299,2
1987,0,3,147.0,2567656,5.73,Colombia1987,0.67,36.373,1299,1
1987,1,1,118.0,3468807,3.4,Colombia1987,0.67,36.373,1299,3
1987,1,2,29.0,2651735,1.09,Colombia1987,0.67,36.373,1299,2
1987,1,3,27.0,2755678,0.98,Colombia1987,0.67,36.373,1299,1
1987,1,4,10.0,1210423,0.83,Colombia1987,0.67,36.373,1299,0
1987,1,5,2.0,257621,0.78,Colombia1987,0.67,36.373,1299,0
1987,0,0,16.0,3924075,0.41,Colombia1987,0.67,36.373,1299,3
1987,1,0,9.0,3796166,0.24,Colombia1987,0.67,36.373,1299,3
1988,0,5,27.0,190910,14.14,Colombia1988,0.67,39.213,1369,0
1988,0,2,214.0,2696739,7.94,Colombia1988,0.67,39.213,1369,2
1988,0,4,83.0,1069673,7.76,Colombia1988,0.67,39.213,1369,0
1988,0,1,243.0,3543715,6.86,Colombia1988,0.67,39.213,1369,3
1988,0,3,160.0,2682795,5.96,Colombia1988,0.67,39.213,1369,1
1988,1,1,85.0,3480840,2.44,Colombia1988,0.67,39.213,1369,3
1988,1,5,6.0,268303,2.24,Colombia1988,0.67,39.213,1369,0
1988,1,2,41.0,2734383,1.5,Colombia1988,0.67,39.213,1369,2
1988,1,3,26.0,2877134,0.9,Colombia1988,0.67,39.213,1369,1
1988,0,0,14.0,3998496,0.35,Colombia1988,0.67,39.213,1369,3
1988,1,4,4.0,1240926,0.32,Colombia1988,0.67,39.213,1369,0
1988,1,0,9.0,3865587,0.23,Colombia1988,0.67,39.213,1369,3
1989,0,5,17.0,197086,8.63,Colombia1989,0.67,39.54,1350,0
1989,0,4,87.0,1096341,7.94,Colombia1989,0.67,39.54,1350,0
1989,0,2,194.0,2777676,6.98,Colombia1989,0.67,39.54,1350,2
1989,0,3,152.0,2802188,5.42,Colombia1989,0.67,39.54,1350,1
1989,0,1,191.0,3551741,5.38,Colombia1989,0.67,39.54,1350,3
1989,1,1,78.0,3489146,2.24,Colombia1989,0.67,39.54,1350,3
1989,1,2,45.0,2817903,1.6,Colombia1989,0.67,39.54,1350,2
1989,1,5,4.0,278074,1.44,Colombia1989,0.67,39.54,1350,0
1989,1,3,34.0,3003700,1.13,Colombia1989,0.67,39.54,1350,1
1989,1,0,13.0,3932480,0.33,Colombia1989,0.67,39.54,1350,3
1989,1,4,4.0,1273639,0.31,Colombia1989,0.67,39.54,1350,0
1989,0,0,12.0,4069855,0.29,Colombia1989,0.67,39.54,1350,3
1990,0,5,21.0,202048,10.39,Colombia1990,0.596,40.274,1346,0
1990,0,4,85.0,1124943,7.56,Colombia1990,0.596,40.274,1346,0
1990,0,1,220.0,3562908,6.17,Colombia1990,0.596,40.274,1346,3
1990,0,2,174.0,2859281,6.09,Colombia1990,0.596,40.274,1346,2
1990,0,3,153.0,2924679,5.23,Colombia1990,0.596,40.274,1346,1
1990,1,1,95.0,3499435,2.71,Colombia1990,0.596,40.274,1346,3
1990,1,2,41.0,2902786,1.41,Colombia1990,0.596,40.274,1346,2
1990,1,3,40.0,3134518,1.28,Colombia1990,0.596,40.274,1346,1
1990,1,4,14.0,1308768,1.07,Colombia1990,0.596,40.274,1346,0
1990,1,5,3.0,286894,1.05,Colombia1990,0.596,40.274,1346,0
1990,0,0,12.0,4132729,0.29,Colombia1990,0.596,40.274,1346,3
1990,1,0,7.0,3991984,0.18,Colombia1990,0.596,40.274,1346,3
1991,0,1,280.0,3569610,7.84,Colombia1991,0.67,41.24,1348,3
1991,0,4,89.0,1152018,7.73,Colombia1991,0.67,41.24,1348,1
1991,0,2,216.0,2944422,7.34,Colombia1991,0.67,41.24,1348,2
1991,0,5,14.0,210787,6.64,Colombia1991,0.67,41.24,1348,0
1991,0,3,175.0,3053490,5.73,Colombia1991,0.67,41.24,1348,2
1991,1,1,100.0,3511813,2.85,Colombia1991,0.67,41.24,1348,3
1991,1,2,54.0,2991721,1.8,Colombia1991,0.67,41.24,1348,2
1991,1,3,36.0,3271390,1.1,Colombia1991,0.67,41.24,1348,2
1991,1,5,3.0,298517,1.0,Colombia1991,0.67,41.24,1348,0
1991,1,4,10.0,1341052,0.75,Colombia1991,0.67,41.24,1348,1
1991,0,0,24.0,4191827,0.57,Colombia1991,0.67,41.24,1348,4
1991,1,0,9.0,4047531,0.22,Colombia1991,0.67,41.24,1348,4
1992,0,4,108.0,1154900,9.35,Colombia1992,0.67,49.28,1664,1
1992,0,5,20.0,215800,9.27,Colombia1992,0.67,49.28,1664,0
1992,0,2,251.0,2922400,8.59,Colombia1992,0.67,49.28,1664,2
1992,0,1,274.0,3373400,8.12,Colombia1992,0.67,49.28,1664,3
1992,0,3,180.0,3058800,5.88,Colombia1992,0.67,49.28,1664,2
1992,1,1,111.0,3331300,3.33,Colombia1992,0.67,49.28,1664,3
1992,1,2,53.0,2997700,1.77,Colombia1992,0.67,49.28,1664,2
1992,1,3,48.0,3267600,1.47,Colombia1992,0.67,49.28,1664,2
1992,1,4,6.0,1315300,0.46,Colombia1992,0.67,49.28,1664,1
1992,1,0,17.0,3786400,0.45,Colombia1992,0.67,49.28,1664,4
1992,0,0,17.0,3917400,0.43,Colombia1992,0.67,49.28,1664,4
1992,1,5,1.0,274400,0.36,Colombia1992,0.67,49.28,1664,0
1993,0,5,22.0,222900,9.87,Colombia1993,0.67,55.803,1845,0
1993,0,4,108.0,1184100,9.12,Colombia1993,0.67,55.803,1845,1
1993,0,1,279.0,3377300,8.26,Colombia1993,0.67,55.803,1845,3
1993,0,2,226.0,3015600,7.49,Colombia1993,0.67,55.803,1845,2
1993,0,3,215.0,3186600,6.75,Colombia1993,0.67,55.803,1845,2
1993,1,1,101.0,3332600,3.03,Colombia1993,0.67,55.803,1845,3
1993,1,2,53.0,3088400,1.72,Colombia1993,0.67,55.803,1845,2
1993,1,4,16.0,1348500,1.19,Colombia1993,0.67,55.803,1845,1
1993,1,3,36.0,3406300,1.06,Colombia1993,0.67,55.803,1845,2
1993,0,0,21.0,3965600,0.53,Colombia1993,0.67,55.803,1845,4
1993,1,0,8.0,3830500,0.21,Colombia1993,0.67,55.803,1845,4
1993,1,5,142.688,283800,0.0,Colombia1993,0.67,55.803,1845,0
1994,0,5,31.0,230500,13.45,Colombia1994,0.67,81.704,2646,0
1994,0,1,313.0,3391100,9.23,Colombia1994,0.67,81.704,2646,3
1994,0,4,110.0,1214600,9.06,Colombia1994,0.67,81.704,2646,1
1994,0,2,247.0,3094400,7.98,Colombia1994,0.67,81.704,2646,2
1994,0,3,216.0,3320000,6.51,Colombia1994,0.67,81.704,2646,2
1994,1,1,130.0,3343400,3.89,Colombia1994,0.67,81.704,2646,3
1994,1,2,59.0,3164600,1.86,Colombia1994,0.67,81.704,2646,2
1994,1,4,19.0,1382700,1.37,Colombia1994,0.67,81.704,2646,1
1994,1,3,44.0,3551000,1.24,Colombia1994,0.67,81.704,2646,2
1994,1,5,2.0,293900,0.68,Colombia1994,0.67,81.704,2646,0
1994,1,0,14.0,3874700,0.36,Colombia1994,0.67,81.704,2646,4
1994,0,0,13.0,4013700,0.32,Colombia1994,0.67,81.704,2646,4
1995,0,5,27.0,237128,11.39,Colombia1995,0.629,92.507,2796,0
1995,0,4,110.0,1280826,8.59,Colombia1995,0.629,92.507,2796,1
1995,0,2,253.0,3221761,7.85,Colombia1995,0.629,92.507,2796,3
1995,0,1,271.0,3657416,7.41,Colombia1995,0.629,92.507,2796,3
1995,0,3,213.0,3599535,5.92,Colombia1995,0.629,92.507,2796,2
1995,1,1,116.0,3602418,3.22,Colombia1995,0.629,92.507,2796,3
1995,1,2,55.0,3296038,1.67,Colombia1995,0.629,92.507,2796,3
1995,1,3,63.0,3860918,1.63,Colombia1995,0.629,92.507,2796,2
1995,1,4,16.0,1495950,1.07,Colombia1995,0.629,92.507,2796,1
1995,0,0,15.0,4330243,0.35,Colombia1995,0.629,92.507,2796,4
1995,1,5,1.0,337540,0.3,Colombia1995,0.629,92.507,2796,0
1995,1,0,10.0,4171126,0.24,Colombia1995,0.629,92.507,2796,4
1996,0,5,33.0,248909,13.26,Colombia1996,0.67,97.16,2883,0
1996,0,4,124.0,1313132,9.44,Colombia1996,0.67,97.16,2883,1
1996,0,1,289.0,3707736,7.79,Colombia1996,0.67,97.16,2883,3
1996,0,3,259.0,3749624,6.91,Colombia1996,0.67,97.16,2883,2
1996,0,2,225.0,3258034,6.91,Colombia1996,0.67,97.16,2883,3
1996,1,1,121.0,3651707,3.31,Colombia1996,0.67,97.16,2883,3
1996,1,2,58.0,3336435,1.74,Colombia1996,0.67,97.16,2883,3
1996,1,3,44.0,4021393,1.09,Colombia1996,0.67,97.16,2883,2
1996,1,4,15.0,1533960,0.98,Colombia1996,0.67,97.16,2883,1
1996,1,5,3.0,352470,0.85,Colombia1996,0.67,97.16,2883,0
1996,0,0,21.0,4344969,0.48,Colombia1996,0.67,97.16,2883,4
1996,1,0,17.0,4185267,0.41,Colombia1996,0.67,97.16,2883,4
1997,0,5,34.0,260440,13.05,Colombia1997,0.67,106.66,3106,0
1997,0,4,117.0,1349163,8.67,Colombia1997,0.67,106.66,3106,1
1997,0,1,315.0,3775597,8.34,Colombia1997,0.67,106.66,3106,3
1997,0,2,242.0,3280278,7.38,Colombia1997,0.67,106.66,3106,3
1997,0,3,234.0,3906804,5.99,Colombia1997,0.67,106.66,3106,2
1997,1,1,117.0,3716547,3.15,Colombia1997,0.67,106.66,3106,3
1997,1,2,70.0,3362418,2.08,Colombia1997,0.67,106.66,3106,3
1997,1,3,57.0,4189374,1.36,Colombia1997,0.67,106.66,3106,2
1997,1,4,17.0,1575903,1.08,Colombia1997,0.67,106.66,3106,1
1997,1,5,3.0,367426,0.82,Colombia1997,0.67,106.66,3106,0
1997,0,0,19.0,4358250,0.44,Colombia1997,0.67,106.66,3106,4
1997,1,0,17.0,4196625,0.41,Colombia1997,0.67,106.66,3106,4
1998,0,5,51.0,271456,18.79,Colombia1998,0.67,98.444,2814,0
1998,0,1,507.0,3853955,13.16,Colombia1998,0.67,98.444,2814,3
1998,0,4,182.0,1390023,13.09,Colombia1998,0.67,98.444,2814,1
1998,0,2,402.0,3292463,12.21,Colombia1998,0.67,98.444,2814,3
1998,0,3,374.0,4068675,9.19,Colombia1998,0.67,98.444,2814,2
1998,1,1,247.0,3789996,6.52,Colombia1998,0.67,98.444,2814,3
1998,1,2,97.0,3377856,2.87,Colombia1998,0.67,98.444,2814,3
1998,1,3,88.0,4362525,2.02,Colombia1998,0.67,98.444,2814,2
1998,1,0,47.0,4205288,1.12,Colombia1998,0.67,98.444,2814,4
1998,1,4,18.0,1623053,1.11,Colombia1998,0.67,98.444,2814,1
1998,0,0,36.0,4369564,0.82,Colombia1998,0.67,98.444,2814,4
1998,1,5,3.0,382185,0.78,Colombia1998,0.67,98.444,2814,0
1999,0,5,53.0,281533,18.83,Colombia1999,0.67,86.186,2419,0
1999,0,4,217.0,1437035,15.1,Colombia1999,0.67,86.186,2419,1
1999,0,1,506.0,3930904,12.87,Colombia1999,0.67,86.186,2419,3
1999,0,2,414.0,3300918,12.54,Colombia1999,0.67,86.186,2419,3
1999,0,3,425.0,4231334,10.04,Colombia1999,0.67,86.186,2419,2
1999,1,1,240.0,3860670,6.22,Colombia1999,0.67,86.186,2419,3
1999,1,2,97.0,3388982,2.86,Colombia1999,0.67,86.186,2419,3
1999,1,3,90.0,4537037,1.98,Colombia1999,0.67,86.186,2419,2
1999,1,0,46.0,4210355,1.09,Colombia1999,0.67,86.186,2419,4
1999,1,4,17.0,1676984,1.01,Colombia1999,0.67,86.186,2419,1
1999,0,0,35.0,4377335,0.8,Colombia1999,0.67,86.186,2419,4
1999,1,5,3.0,396321,0.76,Colombia1999,0.67,86.186,2419,0
2000,0,5,60.0,290481,20.66,Colombia2000,0.654,99.887,2755,0
2000,0,1,629.0,3998961,15.73,Colombia2000,0.654,99.887,2755,3
2000,0,4,198.0,1491171,13.28,Colombia2000,0.654,99.887,2755,1
2000,0,2,438.0,3310535,13.23,Colombia2000,0.654,99.887,2755,3
2000,0,3,453.0,4391802,10.31,Colombia2000,0.654,99.887,2755,2
2000,1,1,262.0,3921422,6.68,Colombia2000,0.654,99.887,2755,3
2000,1,2,96.0,3400584,2.82,Colombia2000,0.654,99.887,2755,3
2000,1,3,99.0,4710061,2.1,Colombia2000,0.654,99.887,2755,2
2000,1,5,6.0,409711,1.46,Colombia2000,0.654,99.887,2755,0
2000,1,0,57.0,4209864,1.35,Colombia2000,0.654,99.887,2755,4
2000,1,4,23.0,1738797,1.32,Colombia2000,0.654,99.887,2755,1
2000,0,0,37.0,4378953,0.84,Colombia2000,0.654,99.887,2755,4
2001,0,5,54.0,304065,17.76,Colombia2001,0.67,98.204,2662,1
2001,0,4,234.0,1547265,15.12,Colombia2001,0.67,98.204,2662,1
2001,0,1,602.0,4057598,14.84,Colombia2001,0.67,98.204,2662,4
2001,0,2,439.0,3328209,13.19,Colombia2001,0.67,98.204,2662,3
2001,0,3,491.0,4555809,10.78,Colombia2001,0.67,98.204,2662,2
2001,1,1,302.0,3976430,7.59,Colombia2001,0.67,98.204,2662,4
2001,1,2,105.0,3416780,3.07,Colombia2001,0.67,98.204,2662,3
2001,1,4,30.0,1803020,1.66,Colombia2001,0.67,98.204,2662,1
2001,1,3,71.0,4884700,1.45,Colombia2001,0.67,98.204,2662,2
2001,1,0,45.0,4206893,1.07,Colombia2001,0.67,98.204,2662,4
2001,1,5,4.0,427591,0.94,Colombia2001,0.67,98.204,2662,1
2001,0,0,35.0,4376068,0.8,Colombia2001,0.67,98.204,2662,4
2002,0,5,48.0,316252,15.18,Colombia2002,0.67,97.933,2613,1
2002,0,1,590.0,4104822,14.37,Colombia2002,0.67,97.933,2613,4
2002,0,2,460.0,3344207,13.76,Colombia2002,0.67,97.933,2613,3
2002,0,4,177.0,1609818,11.0,Colombia2002,0.67,97.933,2613,1
2002,0,3,487.0,4717038,10.32,Colombia2002,0.67,97.933,2613,2
2002,1,1,295.0,4019790,7.34,Colombia2002,0.67,97.933,2613,4
2002,1,2,92.0,3430874,2.68,Colombia2002,0.67,97.933,2613,3
2002,1,3,81.0,5056712,1.6,Colombia2002,0.67,97.933,2613,2
2002,1,0,64.0,4195227,1.53,Colombia2002,0.67,97.933,2613,4
2002,1,4,28.0,1874594,1.49,Colombia2002,0.67,97.933,2613,1
2002,0,0,53.0,4364710,1.21,Colombia2002,0.67,97.933,2613,4
2002,1,5,4.0,444232,0.9,Colombia2002,0.67,97.933,2613,1
2003,0,5,49.0,327352,14.97,Colombia2003,0.67,94.685,2489,1
2003,0,4,235.0,1679338,13.99,Colombia2003,0.67,94.685,2489,1
2003,0,2,424.0,3363500,12.61,Colombia2003,0.67,94.685,2489,3
2003,0,1,508.0,4143231,12.26,Colombia2003,0.67,94.685,2489,4
2003,0,3,441.0,4872021,9.05,Colombia2003,0.67,94.685,2489,2
2003,1,1,299.0,4053688,7.38,Colombia2003,0.67,94.685,2489,4
2003,1,2,93.0,3447910,2.7,Colombia2003,0.67,94.685,2489,3
2003,1,3,96.0,5222660,1.84,Colombia2003,0.67,94.685,2489,2
2003,1,4,35.0,1953968,1.79,Colombia2003,0.67,94.685,2489,1
2003,1,5,6.0,460065,1.3,Colombia2003,0.67,94.685,2489,1
2003,1,0,48.0,4175544,1.15,Colombia2003,0.67,94.685,2489,4
2003,0,0,35.0,4345236,0.81,Colombia2003,0.67,94.685,2489,4
2004,0,5,74.0,337747,21.91,Colombia2004,0.67,117.075,3033,1
2004,0,4,229.0,1756739,13.04,Colombia2004,0.67,117.075,3033,1
2004,0,1,522.0,4177514,12.5,Colombia2004,0.67,117.075,3033,4
2004,0,2,397.0,3393144,11.7,Colombia2004,0.67,117.075,3033,3
2004,0,3,465.0,5016477,9.27,Colombia2004,0.67,117.075,3033,2
2004,1,1,246.0,4082601,6.03,Colombia2004,0.67,117.075,3033,4
2004,1,2,91.0,3474885,2.62,Colombia2004,0.67,117.075,3033,3
2004,1,5,9.0,475649,1.89,Colombia2004,0.67,117.075,3033,1
2004,1,3,85.0,5378213,1.58,Colombia2004,0.67,117.075,3033,2
2004,1,4,29.0,2041937,1.42,Colombia2004,0.67,117.075,3033,1
2004,0,0,56.0,4319787,1.3,Colombia2004,0.67,117.075,3033,4
2004,1,0,41.0,4150023,0.99,Colombia2004,0.67,117.075,3033,4
2005,0,5,63.0,347667,18.12,Colombia2005,0.679,146.566,3742,1
2005,0,1,517.0,4209960,12.28,Colombia2005,0.679,146.566,3742,4
2005,0,4,219.0,1842503,11.89,Colombia2005,0.679,146.566,3742,1
2005,0,2,352.0,3436781,10.24,Colombia2005,0.679,146.566,3742,3
2005,0,3,434.0,5147445,8.43,Colombia2005,0.679,146.566,3742,2
2005,1,1,225.0,4108824,5.48,Colombia2005,0.679,146.566,3742,4
2005,1,2,93.0,3515419,2.65,Colombia2005,0.679,146.566,3742,3
2005,1,3,87.0,5520328,1.58,Colombia2005,0.679,146.566,3742,2
2005,1,4,27.0,2138822,1.26,Colombia2005,0.679,146.566,3742,1
2005,0,0,52.0,4291635,1.21,Colombia2005,0.679,146.566,3742,4
2005,1,5,5.0,491399,1.02,Colombia2005,0.679,146.566,3742,1
2005,1,0,28.0,4122007,0.68,Colombia2005,0.679,146.566,3742,4
2006,0,5,78.0,363411,21.46,Colombia2006,0.67,162.59,4095,1
2006,0,1,521.0,4229825,12.32,Colombia2006,0.67,162.59,4095,4
2006,0,2,408.0,3492325,11.68,Colombia2006,0.67,162.59,4095,3
2006,0,4,211.0,1925991,10.96,Colombia2006,0.67,162.59,4095,1
2006,0,3,453.0,5261515,8.61,Colombia2006,0.67,162.59,4095,2
2006,1,1,197.0,4126897,4.77,Colombia2006,0.67,162.59,4095,4
2006,1,2,96.0,3566953,2.69,Colombia2006,0.67,162.59,4095,3
2006,1,3,90.0,5642326,1.6,Colombia2006,0.67,162.59,4095,2
2006,1,4,33.0,2234226,1.48,Colombia2006,0.67,162.59,4095,1
2006,0,0,46.0,4260456,1.08,Colombia2006,0.67,162.59,4095,4
2006,1,0,40.0,4092360,0.98,Colombia2006,0.67,162.59,4095,4
2006,1,5,4.0,512391,0.78,Colombia2006,0.67,162.59,4095,1
2007,0,5,67.0,378405,17.71,Colombia2007,0.67,207.416,5150,1
2007,0,4,245.0,2018827,12.14,Colombia2007,0.67,207.416,5150,1
2007,0,1,493.0,4248033,11.61,Colombia2007,0.67,207.416,5150,4
2007,0,2,410.0,3562854,11.51,Colombia2007,0.67,207.416,5150,3
2007,0,3,475.0,5364516,8.85,Colombia2007,0.67,207.416,5150,2
2007,1,1,208.0,4142290,5.02,Colombia2007,0.67,207.416,5150,4
2007,1,2,105.0,3633920,2.89,Colombia2007,0.67,207.416,5150,3
2007,1,3,82.0,5752377,1.43,Colombia2007,0.67,207.416,5150,2
2007,1,0,40.0,4066699,0.98,Colombia2007,0.67,207.416,5150,5
2007,0,0,37.0,4234298,0.87,Colombia2007,0.67,207.416,5150,5
2007,1,4,16.0,2339825,0.68,Colombia2007,0.67,207.416,5150,1
2007,1,5,3.0,533162,0.56,Colombia2007,0.67,207.416,5150,1
2008,0,5,69.0,392608,17.57,Colombia2008,0.67,243.982,5971,1
2008,0,4,250.0,2119709,11.79,Colombia2008,0.67,243.982,5971,1
2008,0,2,417.0,3641000,11.45,Colombia2008,0.67,243.982,5971,3
2008,0,1,479.0,4263159,11.24,Colombia2008,0.67,243.982,5971,4
2008,0,3,510.0,5459636,9.34,Colombia2008,0.67,243.982,5971,2
2008,1,1,206.0,4153413,4.96,Colombia2008,0.67,243.982,5971,4
2008,1,2,85.0,3709016,2.29,Colombia2008,0.67,243.982,5971,3
2008,1,3,82.0,5853848,1.4,Colombia2008,0.67,243.982,5971,2
2008,0,0,47.0,4213275,1.12,Colombia2008,0.67,243.982,5971,5
2008,1,4,27.0,2454148,1.1,Colombia2008,0.67,243.982,5971,1
2008,1,0,43.0,4045559,1.06,Colombia2008,0.67,243.982,5971,5
2008,1,5,5.0,553758,0.9,Colombia2008,0.67,243.982,5971,1
2009,0,5,72.0,405866,17.74,Colombia2009,0.67,233.822,5643,1
2009,0,2,426.0,3715402,11.47,Colombia2009,0.67,233.822,5643,3
2009,0,4,252.0,2226378,11.32,Colombia2009,0.67,233.822,5643,1
2009,0,1,481.0,4272494,11.26,Colombia2009,0.67,233.822,5643,4
2009,0,3,517.0,5552239,9.31,Colombia2009,0.67,233.822,5643,2
2009,1,1,207.0,4157810,4.98,Colombia2009,0.67,233.822,5643,4
2009,1,2,72.0,3780652,1.9,Colombia2009,0.67,233.822,5643,3
2009,1,4,46.0,2574750,1.79,Colombia2009,0.67,233.822,5643,1
2009,1,3,87.0,5952480,1.46,Colombia2009,0.67,233.822,5643,2
2009,0,0,54.0,4196033,1.29,Colombia2009,0.67,233.822,5643,5
2009,1,0,32.0,4027989,0.79,Colombia2009,0.67,233.822,5643,5
2009,1,5,3.0,574080,0.52,Colombia2009,0.67,233.822,5643,1
2010,0,5,65.0,418296,15.54,Colombia2010,0.706,287.018,6836,1
2010,0,2,436.0,3779392,11.54,Colombia2010,0.706,287.018,6836,3
2010,0,1,480.0,4274849,11.23,Colombia2010,0.706,287.018,6836,4
2010,0,4,225.0,2337537,9.63,Colombia2010,0.706,287.018,6836,1
2010,0,3,463.0,5646115,8.2,Colombia2010,0.706,287.018,6836,3
2010,1,1,187.0,4154664,4.5,Colombia2010,0.706,287.018,6836,4
2010,1,2,78.0,3841659,2.03,Colombia2010,0.706,287.018,6836,3
2010,1,3,72.0,6052417,1.19,Colombia2010,0.706,287.018,6836,3
2010,0,0,41.0,4178908,0.98,Colombia2010,0.706,287.018,6836,5
2010,1,0,39.0,4010759,0.97,Colombia2010,0.706,287.018,6836,5
2010,1,5,5.0,594329,0.84,Colombia2010,0.706,287.018,6836,1
2010,1,4,16.0,2700178,0.59,Colombia2010,0.706,287.018,6836,1
2011,0,5,60.0,436385,13.75,Colombia2011,0.713,335.415,7885,1
2011,0,1,450.0,4268385,10.54,Colombia2011,0.713,335.415,7885,4
2011,0,2,382.0,3840952,9.95,Colombia2011,0.713,335.415,7885,4
2011,0,4,231.0,2445112,9.45,Colombia2011,0.713,335.415,7885,2
2011,0,3,498.0,5745871,8.67,Colombia2011,0.713,335.415,7885,3
2011,1,1,159.0,4147875,3.83,Colombia2011,0.713,335.415,7885,4
2011,1,2,69.0,3897562,1.77,Colombia2011,0.713,335.415,7885,4
2011,1,3,87.0,6156452,1.41,Colombia2011,0.713,335.415,7885,3
2011,1,4,29.0,2822325,1.03,Colombia2011,0.713,335.415,7885,2
2011,0,0,41.0,4163139,0.98,Colombia2011,0.713,335.415,7885,5
2011,1,0,34.0,3995726,0.85,Colombia2011,0.713,335.415,7885,5
2011,1,5,4.0,618521,0.65,Colombia2011,0.713,335.415,7885,1
2012,0,5,69.0,453582,15.21,Colombia2012,0.715,369.66,8586,1
2012,0,1,486.0,4254495,11.42,Colombia2012,0.715,369.66,8586,4
2012,0,2,412.0,3891260,10.59,Colombia2012,0.715,369.66,8586,4
2012,0,4,266.0,2556199,10.41,Colombia2012,0.715,369.66,8586,2
2012,0,3,455.0,5846650,7.78,Colombia2012,0.715,369.66,8586,3
2012,1,1,151.0,4133625,3.65,Colombia2012,0.715,369.66,8586,4
2012,1,2,73.0,3942505,1.85,Colombia2012,0.715,369.66,8586,4
2012,1,4,41.0,2948489,1.39,Colombia2012,0.715,369.66,8586,2
2012,1,3,83.0,6261133,1.33,Colombia2012,0.715,369.66,8586,3
2012,0,0,44.0,4146398,1.06,Colombia2012,0.715,369.66,8586,5
2012,1,5,6.0,642251,0.93,Colombia2012,0.715,369.66,8586,1
2012,1,0,33.0,3979277,0.83,Colombia2012,0.715,369.66,8586,5
2013,0,5,69.0,470105,14.68,Colombia2013,0.718,380.192,8731,1
2013,0,1,450.0,4235904,10.62,Colombia2013,0.718,380.192,8731,4
2013,0,4,260.0,2672132,9.73,Colombia2013,0.718,380.192,8731,2
2013,0,2,381.0,3931611,9.69,Colombia2013,0.718,380.192,8731,4
2013,0,3,462.0,5947520,7.77,Colombia2013,0.718,380.192,8731,3
2013,1,1,141.0,4114036,3.43,Colombia2013,0.718,380.192,8731,4
2013,1,2,81.0,3977885,2.04,Colombia2013,0.718,380.192,8731,4
2013,1,3,101.0,6365459,1.59,Colombia2013,0.718,380.192,8731,3
2013,1,4,41.0,3079952,1.33,Colombia2013,0.718,380.192,8731,2
2013,0,0,41.0,4126269,0.99,Colombia2013,0.718,380.192,8731,5
2013,1,0,36.0,3959475,0.91,Colombia2013,0.718,380.192,8731,5
2013,1,5,5.0,665950,0.75,Colombia2013,0.718,380.192,8731,1
2014,0,5,83.0,486197,17.07,Colombia2014,0.72,378.196,8591,1
2014,0,1,480.0,4216293,11.38,Colombia2014,0.72,378.196,8591,4
2014,0,4,283.0,2795271,10.12,Colombia2014,0.72,378.196,8591,2
2014,0,2,395.0,3965410,9.96,Colombia2014,0.72,378.196,8591,4
2014,0,3,477.0,6046987,7.89,Colombia2014,0.72,378.196,8591,3
2014,1,1,132.0,4092325,3.23,Colombia2014,0.72,378.196,8591,4
2014,1,2,82.0,4007103,2.05,Colombia2014,0.72,378.196,8591,4
2014,1,4,43.0,3219142,1.34,Colombia2014,0.72,378.196,8591,2
2014,1,3,82.0,6467724,1.27,Colombia2014,0.72,378.196,8591,3
2014,0,0,37.0,4100740,0.9,Colombia2014,0.72,378.196,8591,5
2014,1,5,5.0,690028,0.72,Colombia2014,0.72,378.196,8591,1
2014,1,0,27.0,3934580,0.69,Colombia2014,0.72,378.196,8591,5
2015,0,5,82.0,502228,16.33,Colombia2015,0.67,291.52,6552,1
2015,0,1,473.0,4197599,11.27,Colombia2015,0.67,291.52,6552,4
2015,0,4,317.0,2926656,10.83,Colombia2015,0.67,291.52,6552,2
2015,0,2,379.0,3994717,9.49,Colombia2015,0.67,291.52,6552,4
2015,0,3,560.0,6143478,9.12,Colombia2015,0.67,291.52,6552,3
2015,1,1,176.0,4070390,4.32,Colombia2015,0.67,291.52,6552,4
2015,1,2,111.0,4031995,2.75,Colombia2015,0.67,291.52,6552,4
2015,1,3,96.0,6566323,1.46,Colombia2015,0.67,291.52,6552,3
2015,1,5,10.0,715044,1.4,Colombia2015,0.67,291.52,6552,1
2015,1,4,45.0,3367078,1.34,Colombia2015,0.67,291.52,6552,2
2015,1,0,44.0,3904896,1.13,Colombia2015,0.67,291.52,6552,5
2015,0,0,39.0,4070023,0.96,Colombia2015,0.67,291.52,6552,5
